countryiso3code,country_name,year,value,indicator_code,indicator_name
ALB,Albania,2020,29.4,SI.POV.GINI,Gini index
ALB,Albania,2019,30.1,SI.POV.GINI,Gini index
ALB,Albania,2018,30.1,SI.POV.GINI,Gini index
ALB,Albania,2017,33.1,SI.POV.GINI,Gini index
ALB,Albania,2016,33.7,SI.POV.GINI,Gini index
ALB,Albania,2015,32.8,SI.POV.GINI,Gini index
ALB,Albania,2014,34.6,SI.POV.GINI,Gini index
ALB,Albania,2012,29.0,SI.POV.GINI,Gini index
DZA,Algeria,2011,27.6,SI.POV.GINI,Gini index
AGO,Angola,2018,51.3,SI.POV.GINI,Gini index
ARG,Argentina,2023,42.4,SI.POV.GINI,Gini index
ARG,Argentina,2022,40.7,SI.POV.GINI,Gini index
ARG,Argentina,2021,42.4,SI.POV.GINI,Gini index
ARG,Argentina,2020,42.7,SI.POV.GINI,Gini index
ARG,Argentina,2019,43.3,SI.POV.GINI,Gini index
ARG,Argentina,2018,41.7,SI.POV.GINI,Gini index
ARG,Argentina,2017,41.4,SI.POV.GINI,Gini index
ARG,Argentina,2016,42.3,SI.POV.GINI,Gini index
ARG,Argentina,2014,41.8,SI.POV.GINI,Gini index
ARG,Argentina,2013,41.1,SI.POV.GINI,Gini index
ARG,Argentina,2012,41.4,SI.POV.GINI,Gini index
ARG,Argentina,2011,42.7,SI.POV.GINI,Gini index
ARG,Argentina,2010,43.7,SI.POV.GINI,Gini index
ARM,Armenia,2023,27.2,SI.POV.GINI,Gini index
ARM,Armenia,2022,27.9,SI.POV.GINI,Gini index
ARM,Armenia,2021,27.9,SI.POV.GINI,Gini index
ARM,Armenia,2020,25.1,SI.POV.GINI,Gini index
ARM,Armenia,2019,30.0,SI.POV.GINI,Gini index
ARM,Armenia,2018,34.4,SI.POV.GINI,Gini index
ARM,Armenia,2017,33.6,SI.POV.GINI,Gini index
ARM,Armenia,2016,32.5,SI.POV.GINI,Gini index
ARM,Armenia,2015,32.4,SI.POV.GINI,Gini index
ARM,Armenia,2014,31.5,SI.POV.GINI,Gini index
ARM,Armenia,2013,30.6,SI.POV.GINI,Gini index
ARM,Armenia,2012,29.6,SI.POV.GINI,Gini index
ARM,Armenia,2011,29.4,SI.POV.GINI,Gini index
ARM,Armenia,2010,30.0,SI.POV.GINI,Gini index
AUS,Australia,2018,34.3,SI.POV.GINI,Gini index
AUS,Australia,2016,33.7,SI.POV.GINI,Gini index
AUS,Australia,2014,34.4,SI.POV.GINI,Gini index
AUS,Australia,2010,34.7,SI.POV.GINI,Gini index
AUT,Austria,2022,30.9,SI.POV.GINI,Gini index
AUT,Austria,2021,30.7,SI.POV.GINI,Gini index
AUT,Austria,2020,29.8,SI.POV.GINI,Gini index
AUT,Austria,2019,30.2,SI.POV.GINI,Gini index
AUT,Austria,2018,30.8,SI.POV.GINI,Gini index
AUT,Austria,2017,29.7,SI.POV.GINI,Gini index
AUT,Austria,2016,30.8,SI.POV.GINI,Gini index
AUT,Austria,2015,30.5,SI.POV.GINI,Gini index
AUT,Austria,2014,30.5,SI.POV.GINI,Gini index
AUT,Austria,2013,30.8,SI.POV.GINI,Gini index
AUT,Austria,2012,30.5,SI.POV.GINI,Gini index
AUT,Austria,2011,30.8,SI.POV.GINI,Gini index
AUT,Austria,2010,30.3,SI.POV.GINI,Gini index
BGD,Bangladesh,2022,33.4,SI.POV.GINI,Gini index
BGD,Bangladesh,2016,32.4,SI.POV.GINI,Gini index
BGD,Bangladesh,2010,32.1,SI.POV.GINI,Gini index
BRB,Barbados,2016,34.1,SI.POV.GINI,Gini index
BLR,Belarus,2020,24.4,SI.POV.GINI,Gini index
BLR,Belarus,2019,25.3,SI.POV.GINI,Gini index
BLR,Belarus,2018,25.2,SI.POV.GINI,Gini index
BLR,Belarus,2017,25.4,SI.POV.GINI,Gini index
BLR,Belarus,2016,25.3,SI.POV.GINI,Gini index
BLR,Belarus,2015,25.6,SI.POV.GINI,Gini index
BLR,Belarus,2014,27.2,SI.POV.GINI,Gini index
BLR,Belarus,2013,26.6,SI.POV.GINI,Gini index
BLR,Belarus,2012,26.5,SI.POV.GINI,Gini index
BLR,Belarus,2011,27.2,SI.POV.GINI,Gini index
BLR,Belarus,2010,28.6,SI.POV.GINI,Gini index
BEL,Belgium,2022,26.4,SI.POV.GINI,Gini index
BEL,Belgium,2021,26.6,SI.POV.GINI,Gini index
BEL,Belgium,2020,26.0,SI.POV.GINI,Gini index
BEL,Belgium,2019,27.2,SI.POV.GINI,Gini index
BEL,Belgium,2018,27.2,SI.POV.GINI,Gini index
BEL,Belgium,2017,27.4,SI.POV.GINI,Gini index
BEL,Belgium,2016,27.6,SI.POV.GINI,Gini index
BEL,Belgium,2015,27.7,SI.POV.GINI,Gini index
BEL,Belgium,2014,28.1,SI.POV.GINI,Gini index
BEL,Belgium,2013,27.7,SI.POV.GINI,Gini index
BEL,Belgium,2012,27.5,SI.POV.GINI,Gini index
BEL,Belgium,2011,28.1,SI.POV.GINI,Gini index
BEL,Belgium,2010,28.4,SI.POV.GINI,Gini index
BLZ,Belize,2018,39.9,SI.POV.GINI,Gini index
BEN,Benin,2021,34.4,SI.POV.GINI,Gini index
BEN,Benin,2018,37.9,SI.POV.GINI,Gini index
BEN,Benin,2015,47.6,SI.POV.GINI,Gini index
BEN,Benin,2011,43.4,SI.POV.GINI,Gini index
BTN,Bhutan,2022,28.5,SI.POV.GINI,Gini index
BTN,Bhutan,2017,37.4,SI.POV.GINI,Gini index
BTN,Bhutan,2012,38.8,SI.POV.GINI,Gini index
BOL,Bolivia,2023,42.1,SI.POV.GINI,Gini index
BOL,Bolivia,2022,41.2,SI.POV.GINI,Gini index
BOL,Bolivia,2021,40.9,SI.POV.GINI,Gini index
BOL,Bolivia,2020,43.6,SI.POV.GINI,Gini index
BOL,Bolivia,2019,41.6,SI.POV.GINI,Gini index
BOL,Bolivia,2018,42.6,SI.POV.GINI,Gini index
BOL,Bolivia,2017,44.6,SI.POV.GINI,Gini index
BOL,Bolivia,2016,45.2,SI.POV.GINI,Gini index
BOL,Bolivia,2015,46.7,SI.POV.GINI,Gini index
BOL,Bolivia,2014,47.8,SI.POV.GINI,Gini index
BOL,Bolivia,2013,47.6,SI.POV.GINI,Gini index
BOL,Bolivia,2012,46.6,SI.POV.GINI,Gini index
BOL,Bolivia,2011,46.1,SI.POV.GINI,Gini index
BIH,Bosnia and Herzegovina,2011,33.0,SI.POV.GINI,Gini index
BWA,Botswana,2015,54.9,SI.POV.GINI,Gini index
BRA,Brazil,2023,51.6,SI.POV.GINI,Gini index
BRA,Brazil,2022,52.0,SI.POV.GINI,Gini index
BRA,Brazil,2021,52.9,SI.POV.GINI,Gini index
BRA,Brazil,2020,48.9,SI.POV.GINI,Gini index
BRA,Brazil,2019,53.5,SI.POV.GINI,Gini index
BRA,Brazil,2018,53.9,SI.POV.GINI,Gini index
BRA,Brazil,2017,53.3,SI.POV.GINI,Gini index
BRA,Brazil,2016,53.4,SI.POV.GINI,Gini index
BRA,Brazil,2015,51.9,SI.POV.GINI,Gini index
BRA,Brazil,2014,52.0,SI.POV.GINI,Gini index
BRA,Brazil,2013,52.7,SI.POV.GINI,Gini index
BRA,Brazil,2012,53.4,SI.POV.GINI,Gini index
BRA,Brazil,2011,52.9,SI.POV.GINI,Gini index
BGR,Bulgaria,2022,38.2,SI.POV.GINI,Gini index
BGR,Bulgaria,2021,39.0,SI.POV.GINI,Gini index
BGR,Bulgaria,2020,40.5,SI.POV.GINI,Gini index
BGR,Bulgaria,2019,40.3,SI.POV.GINI,Gini index
BGR,Bulgaria,2018,41.3,SI.POV.GINI,Gini index
BGR,Bulgaria,2017,40.4,SI.POV.GINI,Gini index
BGR,Bulgaria,2016,40.6,SI.POV.GINI,Gini index
BGR,Bulgaria,2015,38.6,SI.POV.GINI,Gini index
BGR,Bulgaria,2014,37.4,SI.POV.GINI,Gini index
BGR,Bulgaria,2013,36.6,SI.POV.GINI,Gini index
BGR,Bulgaria,2012,36.0,SI.POV.GINI,Gini index
BGR,Bulgaria,2011,34.3,SI.POV.GINI,Gini index
BGR,Bulgaria,2010,35.7,SI.POV.GINI,Gini index
BFA,Burkina Faso,2021,37.4,SI.POV.GINI,Gini index
BFA,Burkina Faso,2018,43.0,SI.POV.GINI,Gini index
BFA,Burkina Faso,2014,35.3,SI.POV.GINI,Gini index
BDI,Burundi,2020,37.5,SI.POV.GINI,Gini index
BDI,Burundi,2013,38.6,SI.POV.GINI,Gini index
CPV,Cabo Verde,2015,42.4,SI.POV.GINI,Gini index
CMR,Cameroon,2021,42.2,SI.POV.GINI,Gini index
CMR,Cameroon,2014,46.6,SI.POV.GINI,Gini index
CAN,Canada,2020,29.9,SI.POV.GINI,Gini index
CAN,Canada,2019,31.7,SI.POV.GINI,Gini index
CAN,Canada,2018,32.5,SI.POV.GINI,Gini index
CAN,Canada,2017,33.3,SI.POV.GINI,Gini index
CAN,Canada,2016,32.7,SI.POV.GINI,Gini index
CAN,Canada,2015,33.7,SI.POV.GINI,Gini index
CAN,Canada,2014,33.2,SI.POV.GINI,Gini index
CAN,Canada,2013,33.8,SI.POV.GINI,Gini index
CAN,Canada,2012,33.5,SI.POV.GINI,Gini index
CAN,Canada,2011,32.7,SI.POV.GINI,Gini index
CAN,Canada,2010,33.6,SI.POV.GINI,Gini index
CAF,Central African Republic,2021,43.0,SI.POV.GINI,Gini index
TCD,Chad,2022,37.4,SI.POV.GINI,Gini index
TCD,Chad,2018,37.5,SI.POV.GINI,Gini index
TCD,Chad,2011,43.3,SI.POV.GINI,Gini index
CHL,Chile,2022,43.0,SI.POV.GINI,Gini index
CHL,Chile,2020,47.0,SI.POV.GINI,Gini index
CHL,Chile,2017,45.3,SI.POV.GINI,Gini index
CHL,Chile,2015,45.3,SI.POV.GINI,Gini index
CHL,Chile,2013,46.8,SI.POV.GINI,Gini index
CHL,Chile,2011,46.9,SI.POV.GINI,Gini index
CHN,China,2021,35.7,SI.POV.GINI,Gini index
CHN,China,2020,37.1,SI.POV.GINI,Gini index
CHN,China,2019,38.2,SI.POV.GINI,Gini index
CHN,China,2018,38.5,SI.POV.GINI,Gini index
CHN,China,2017,39.1,SI.POV.GINI,Gini index
CHN,China,2016,38.5,SI.POV.GINI,Gini index
CHN,China,2015,38.6,SI.POV.GINI,Gini index
CHN,China,2014,39.2,SI.POV.GINI,Gini index
CHN,China,2013,39.7,SI.POV.GINI,Gini index
CHN,China,2012,42.2,SI.POV.GINI,Gini index
CHN,China,2011,42.4,SI.POV.GINI,Gini index
CHN,China,2010,43.7,SI.POV.GINI,Gini index
COL,Colombia,2023,53.9,SI.POV.GINI,Gini index
COL,Colombia,2022,54.8,SI.POV.GINI,Gini index
COL,Colombia,2021,55.1,SI.POV.GINI,Gini index
COL,Colombia,2020,53.5,SI.POV.GINI,Gini index
COL,Colombia,2019,51.3,SI.POV.GINI,Gini index
COL,Colombia,2018,50.4,SI.POV.GINI,Gini index
COL,Colombia,2017,49.7,SI.POV.GINI,Gini index
COL,Colombia,2016,50.6,SI.POV.GINI,Gini index
COL,Colombia,2015,51.0,SI.POV.GINI,Gini index
COL,Colombia,2014,52.5,SI.POV.GINI,Gini index
COL,Colombia,2013,52.6,SI.POV.GINI,Gini index
COL,Colombia,2012,52.6,SI.POV.GINI,Gini index
COL,Colombia,2011,53.5,SI.POV.GINI,Gini index
COL,Colombia,2010,54.6,SI.POV.GINI,Gini index
COM,Comoros,2014,45.3,SI.POV.GINI,Gini index
COD,"Congo, Dem. Rep.",2020,44.7,SI.POV.GINI,Gini index
COD,"Congo, Dem. Rep.",2012,42.1,SI.POV.GINI,Gini index
COG,"Congo, Rep.",2011,48.9,SI.POV.GINI,Gini index
CRI,Costa Rica,2023,46.7,SI.POV.GINI,Gini index
CRI,Costa Rica,2022,47.2,SI.POV.GINI,Gini index
CRI,Costa Rica,2021,48.7,SI.POV.GINI,Gini index
CRI,Costa Rica,2020,49.2,SI.POV.GINI,Gini index
CRI,Costa Rica,2019,48.2,SI.POV.GINI,Gini index
CRI,Costa Rica,2018,48.0,SI.POV.GINI,Gini index
CRI,Costa Rica,2017,48.3,SI.POV.GINI,Gini index
CRI,Costa Rica,2016,48.7,SI.POV.GINI,Gini index
CRI,Costa Rica,2015,48.4,SI.POV.GINI,Gini index
CRI,Costa Rica,2014,48.6,SI.POV.GINI,Gini index
CRI,Costa Rica,2013,49.2,SI.POV.GINI,Gini index
CRI,Costa Rica,2012,48.4,SI.POV.GINI,Gini index
CRI,Costa Rica,2011,48.8,SI.POV.GINI,Gini index
CRI,Costa Rica,2010,48.0,SI.POV.GINI,Gini index
CIV,Cote d'Ivoire,2021,35.3,SI.POV.GINI,Gini index
CIV,Cote d'Ivoire,2018,37.2,SI.POV.GINI,Gini index
CIV,Cote d'Ivoire,2015,41.5,SI.POV.GINI,Gini index
HRV,Croatia,2022,30.0,SI.POV.GINI,Gini index
HRV,Croatia,2021,28.9,SI.POV.GINI,Gini index
HRV,Croatia,2020,29.5,SI.POV.GINI,Gini index
HRV,Croatia,2019,28.9,SI.POV.GINI,Gini index
HRV,Croatia,2018,29.7,SI.POV.GINI,Gini index
HRV,Croatia,2017,30.4,SI.POV.GINI,Gini index
HRV,Croatia,2016,30.9,SI.POV.GINI,Gini index
HRV,Croatia,2015,31.1,SI.POV.GINI,Gini index
HRV,Croatia,2014,32.1,SI.POV.GINI,Gini index
HRV,Croatia,2013,32.0,SI.POV.GINI,Gini index
HRV,Croatia,2012,32.5,SI.POV.GINI,Gini index
HRV,Croatia,2011,32.3,SI.POV.GINI,Gini index
HRV,Croatia,2010,32.4,SI.POV.GINI,Gini index
CYP,Cyprus,2022,31.5,SI.POV.GINI,Gini index
CYP,Cyprus,2021,31.3,SI.POV.GINI,Gini index
CYP,Cyprus,2020,31.7,SI.POV.GINI,Gini index
CYP,Cyprus,2019,31.2,SI.POV.GINI,Gini index
CYP,Cyprus,2018,32.7,SI.POV.GINI,Gini index
CYP,Cyprus,2017,31.4,SI.POV.GINI,Gini index
CYP,Cyprus,2016,32.9,SI.POV.GINI,Gini index
CYP,Cyprus,2015,34.0,SI.POV.GINI,Gini index
CYP,Cyprus,2014,35.6,SI.POV.GINI,Gini index
CYP,Cyprus,2013,37.0,SI.POV.GINI,Gini index
CYP,Cyprus,2012,34.3,SI.POV.GINI,Gini index
CYP,Cyprus,2011,32.6,SI.POV.GINI,Gini index
CYP,Cyprus,2010,31.5,SI.POV.GINI,Gini index
CZE,Czechia,2022,25.9,SI.POV.GINI,Gini index
CZE,Czechia,2021,26.2,SI.POV.GINI,Gini index
CZE,Czechia,2020,26.2,SI.POV.GINI,Gini index
CZE,Czechia,2019,25.3,SI.POV.GINI,Gini index
CZE,Czechia,2018,25.0,SI.POV.GINI,Gini index
CZE,Czechia,2017,24.9,SI.POV.GINI,Gini index
CZE,Czechia,2016,25.4,SI.POV.GINI,Gini index
CZE,Czechia,2015,25.9,SI.POV.GINI,Gini index
CZE,Czechia,2014,25.9,SI.POV.GINI,Gini index
CZE,Czechia,2013,26.5,SI.POV.GINI,Gini index
CZE,Czechia,2012,26.1,SI.POV.GINI,Gini index
CZE,Czechia,2011,26.4,SI.POV.GINI,Gini index
CZE,Czechia,2010,26.6,SI.POV.GINI,Gini index
DNK,Denmark,2022,29.3,SI.POV.GINI,Gini index
DNK,Denmark,2021,28.3,SI.POV.GINI,Gini index
DNK,Denmark,2020,27.5,SI.POV.GINI,Gini index
DNK,Denmark,2019,27.7,SI.POV.GINI,Gini index
DNK,Denmark,2018,28.2,SI.POV.GINI,Gini index
DNK,Denmark,2017,28.7,SI.POV.GINI,Gini index
DNK,Denmark,2016,28.2,SI.POV.GINI,Gini index
DNK,Denmark,2015,28.2,SI.POV.GINI,Gini index
DNK,Denmark,2014,28.4,SI.POV.GINI,Gini index
DNK,Denmark,2013,28.5,SI.POV.GINI,Gini index
DNK,Denmark,2012,27.8,SI.POV.GINI,Gini index
DNK,Denmark,2011,27.3,SI.POV.GINI,Gini index
DNK,Denmark,2010,27.2,SI.POV.GINI,Gini index
DJI,Djibouti,2017,41.6,SI.POV.GINI,Gini index
DJI,Djibouti,2013,44.1,SI.POV.GINI,Gini index
DJI,Djibouti,2012,45.1,SI.POV.GINI,Gini index
DOM,Dominican Republic,2023,38.4,SI.POV.GINI,Gini index
DOM,Dominican Republic,2022,37.0,SI.POV.GINI,Gini index
DOM,Dominican Republic,2021,38.5,SI.POV.GINI,Gini index
DOM,Dominican Republic,2020,39.6,SI.POV.GINI,Gini index
DOM,Dominican Republic,2019,41.9,SI.POV.GINI,Gini index
DOM,Dominican Republic,2018,43.7,SI.POV.GINI,Gini index
DOM,Dominican Republic,2017,42.2,SI.POV.GINI,Gini index
DOM,Dominican Republic,2016,45.7,SI.POV.GINI,Gini index
DOM,Dominican Republic,2015,45.2,SI.POV.GINI,Gini index
DOM,Dominican Republic,2014,44.3,SI.POV.GINI,Gini index
DOM,Dominican Republic,2013,47.7,SI.POV.GINI,Gini index
DOM,Dominican Republic,2012,46.1,SI.POV.GINI,Gini index
DOM,Dominican Republic,2011,47.7,SI.POV.GINI,Gini index
DOM,Dominican Republic,2010,47.3,SI.POV.GINI,Gini index
ECU,Ecuador,2023,44.6,SI.POV.GINI,Gini index
ECU,Ecuador,2022,45.5,SI.POV.GINI,Gini index
ECU,Ecuador,2021,45.8,SI.POV.GINI,Gini index
ECU,Ecuador,2020,47.3,SI.POV.GINI,Gini index
ECU,Ecuador,2019,45.7,SI.POV.GINI,Gini index
ECU,Ecuador,2018,45.4,SI.POV.GINI,Gini index
ECU,Ecuador,2017,44.7,SI.POV.GINI,Gini index
ECU,Ecuador,2016,45.0,SI.POV.GINI,Gini index
ECU,Ecuador,2015,46.0,SI.POV.GINI,Gini index
ECU,Ecuador,2014,45.0,SI.POV.GINI,Gini index
ECU,Ecuador,2013,46.9,SI.POV.GINI,Gini index
ECU,Ecuador,2012,46.1,SI.POV.GINI,Gini index
ECU,Ecuador,2011,45.9,SI.POV.GINI,Gini index
ECU,Ecuador,2010,48.8,SI.POV.GINI,Gini index
EGY,"Egypt, Arab Rep.",2021,28.5,SI.POV.GINI,Gini index
EGY,"Egypt, Arab Rep.",2019,31.9,SI.POV.GINI,Gini index
EGY,"Egypt, Arab Rep.",2017,31.5,SI.POV.GINI,Gini index
EGY,"Egypt, Arab Rep.",2015,31.8,SI.POV.GINI,Gini index
EGY,"Egypt, Arab Rep.",2012,28.3,SI.POV.GINI,Gini index
EGY,"Egypt, Arab Rep.",2010,30.2,SI.POV.GINI,Gini index
SLV,El Salvador,2023,39.8,SI.POV.GINI,Gini index
SLV,El Salvador,2022,38.8,SI.POV.GINI,Gini index
SLV,El Salvador,2021,39.0,SI.POV.GINI,Gini index
SLV,El Salvador,2019,38.8,SI.POV.GINI,Gini index
SLV,El Salvador,2018,38.6,SI.POV.GINI,Gini index
SLV,El Salvador,2017,38.0,SI.POV.GINI,Gini index
SLV,El Salvador,2016,40.0,SI.POV.GINI,Gini index
SLV,El Salvador,2015,40.6,SI.POV.GINI,Gini index
SLV,El Salvador,2014,41.6,SI.POV.GINI,Gini index
SLV,El Salvador,2013,43.4,SI.POV.GINI,Gini index
SLV,El Salvador,2012,41.8,SI.POV.GINI,Gini index
SLV,El Salvador,2011,42.3,SI.POV.GINI,Gini index
SLV,El Salvador,2010,43.5,SI.POV.GINI,Gini index
GNQ,Equatorial Guinea,2022,38.5,SI.POV.GINI,Gini index
EST,Estonia,2022,32.3,SI.POV.GINI,Gini index
EST,Estonia,2021,31.8,SI.POV.GINI,Gini index
EST,Estonia,2020,30.7,SI.POV.GINI,Gini index
EST,Estonia,2019,30.8,SI.POV.GINI,Gini index
EST,Estonia,2018,30.3,SI.POV.GINI,Gini index
EST,Estonia,2017,30.4,SI.POV.GINI,Gini index
EST,Estonia,2016,31.2,SI.POV.GINI,Gini index
EST,Estonia,2015,32.7,SI.POV.GINI,Gini index
EST,Estonia,2014,34.6,SI.POV.GINI,Gini index
EST,Estonia,2013,35.1,SI.POV.GINI,Gini index
EST,Estonia,2012,32.9,SI.POV.GINI,Gini index
EST,Estonia,2011,32.5,SI.POV.GINI,Gini index
EST,Estonia,2010,32.0,SI.POV.GINI,Gini index
SWZ,Eswatini,2016,54.6,SI.POV.GINI,Gini index
ETH,Ethiopia,2021,31.1,SI.POV.GINI,Gini index
ETH,Ethiopia,2015,35.0,SI.POV.GINI,Gini index
ETH,Ethiopia,2010,33.2,SI.POV.GINI,Gini index
FJI,Fiji,2019,30.7,SI.POV.GINI,Gini index
FJI,Fiji,2013,36.7,SI.POV.GINI,Gini index
FIN,Finland,2022,27.9,SI.POV.GINI,Gini index
FIN,Finland,2021,27.7,SI.POV.GINI,Gini index
FIN,Finland,2020,27.1,SI.POV.GINI,Gini index
FIN,Finland,2019,27.7,SI.POV.GINI,Gini index
FIN,Finland,2018,27.3,SI.POV.GINI,Gini index
FIN,Finland,2017,27.4,SI.POV.GINI,Gini index
FIN,Finland,2016,27.1,SI.POV.GINI,Gini index
FIN,Finland,2015,27.1,SI.POV.GINI,Gini index
FIN,Finland,2014,26.8,SI.POV.GINI,Gini index
FIN,Finland,2013,27.2,SI.POV.GINI,Gini index
FIN,Finland,2012,27.1,SI.POV.GINI,Gini index
FIN,Finland,2011,27.6,SI.POV.GINI,Gini index
FIN,Finland,2010,27.7,SI.POV.GINI,Gini index
FRA,France,2022,31.2,SI.POV.GINI,Gini index
FRA,France,2021,31.5,SI.POV.GINI,Gini index
FRA,France,2020,30.7,SI.POV.GINI,Gini index
FRA,France,2019,31.2,SI.POV.GINI,Gini index
FRA,France,2018,32.4,SI.POV.GINI,Gini index
FRA,France,2017,31.6,SI.POV.GINI,Gini index
FRA,France,2016,31.9,SI.POV.GINI,Gini index
FRA,France,2015,32.7,SI.POV.GINI,Gini index
FRA,France,2014,32.3,SI.POV.GINI,Gini index
FRA,France,2013,32.5,SI.POV.GINI,Gini index
FRA,France,2012,33.1,SI.POV.GINI,Gini index
FRA,France,2011,33.3,SI.POV.GINI,Gini index
FRA,France,2010,33.7,SI.POV.GINI,Gini index
GAB,Gabon,2017,38.0,SI.POV.GINI,Gini index
GMB,"Gambia, The",2020,38.8,SI.POV.GINI,Gini index
GMB,"Gambia, The",2015,35.9,SI.POV.GINI,Gini index
GMB,"Gambia, The",2010,43.6,SI.POV.GINI,Gini index
GEO,Georgia,2023,34.8,SI.POV.GINI,Gini index
GEO,Georgia,2022,33.5,SI.POV.GINI,Gini index
GEO,Georgia,2021,34.2,SI.POV.GINI,Gini index
GEO,Georgia,2020,34.5,SI.POV.GINI,Gini index
GEO,Georgia,2019,35.9,SI.POV.GINI,Gini index
GEO,Georgia,2018,36.4,SI.POV.GINI,Gini index
GEO,Georgia,2017,37.9,SI.POV.GINI,Gini index
GEO,Georgia,2016,36.6,SI.POV.GINI,Gini index
GEO,Georgia,2015,36.5,SI.POV.GINI,Gini index
GEO,Georgia,2014,37.6,SI.POV.GINI,Gini index
GEO,Georgia,2013,38.6,SI.POV.GINI,Gini index
GEO,Georgia,2012,39.0,SI.POV.GINI,Gini index
GEO,Georgia,2011,39.6,SI.POV.GINI,Gini index
GEO,Georgia,2010,39.5,SI.POV.GINI,Gini index
DEU,Germany,2020,32.4,SI.POV.GINI,Gini index
DEU,Germany,2019,31.8,SI.POV.GINI,Gini index
DEU,Germany,2018,31.9,SI.POV.GINI,Gini index
DEU,Germany,2017,31.3,SI.POV.GINI,Gini index
DEU,Germany,2016,31.4,SI.POV.GINI,Gini index
DEU,Germany,2015,31.7,SI.POV.GINI,Gini index
DEU,Germany,2014,30.8,SI.POV.GINI,Gini index
DEU,Germany,2013,31.5,SI.POV.GINI,Gini index
DEU,Germany,2012,31.1,SI.POV.GINI,Gini index
DEU,Germany,2011,30.6,SI.POV.GINI,Gini index
DEU,Germany,2010,30.2,SI.POV.GINI,Gini index
GHA,Ghana,2016,43.5,SI.POV.GINI,Gini index
GHA,Ghana,2012,42.4,SI.POV.GINI,Gini index
GRC,Greece,2022,33.4,SI.POV.GINI,Gini index
GRC,Greece,2021,32.9,SI.POV.GINI,Gini index
GRC,Greece,2020,33.6,SI.POV.GINI,Gini index
GRC,Greece,2019,33.1,SI.POV.GINI,Gini index
GRC,Greece,2018,32.9,SI.POV.GINI,Gini index
GRC,Greece,2017,34.4,SI.POV.GINI,Gini index
GRC,Greece,2016,35.0,SI.POV.GINI,Gini index
GRC,Greece,2015,36.0,SI.POV.GINI,Gini index
GRC,Greece,2014,35.8,SI.POV.GINI,Gini index
GRC,Greece,2013,36.1,SI.POV.GINI,Gini index
GRC,Greece,2012,36.3,SI.POV.GINI,Gini index
GRC,Greece,2011,34.8,SI.POV.GINI,Gini index
GRC,Greece,2010,34.1,SI.POV.GINI,Gini index
GRD,Grenada,2018,43.8,SI.POV.GINI,Gini index
GTM,Guatemala,2023,45.2,SI.POV.GINI,Gini index
GTM,Guatemala,2014,48.3,SI.POV.GINI,Gini index
GIN,Guinea,2018,29.6,SI.POV.GINI,Gini index
GIN,Guinea,2012,33.7,SI.POV.GINI,Gini index
GNB,Guinea-Bissau,2021,33.4,SI.POV.GINI,Gini index
GNB,Guinea-Bissau,2018,34.8,SI.POV.GINI,Gini index
GNB,Guinea-Bissau,2010,50.6,SI.POV.GINI,Gini index
HTI,Haiti,2012,41.1,SI.POV.GINI,Gini index
HND,Honduras,2023,46.8,SI.POV.GINI,Gini index
HND,Honduras,2019,48.2,SI.POV.GINI,Gini index
HND,Honduras,2018,48.9,SI.POV.GINI,Gini index
HND,Honduras,2017,49.4,SI.POV.GINI,Gini index
HND,Honduras,2016,49.8,SI.POV.GINI,Gini index
HND,Honduras,2015,49.2,SI.POV.GINI,Gini index
HND,Honduras,2014,49.9,SI.POV.GINI,Gini index
HND,Honduras,2013,50.0,SI.POV.GINI,Gini index
HND,Honduras,2012,53.4,SI.POV.GINI,Gini index
HND,Honduras,2011,52.6,SI.POV.GINI,Gini index
HND,Honduras,2010,53.1,SI.POV.GINI,Gini index
HUN,Hungary,2022,30.2,SI.POV.GINI,Gini index
HUN,Hungary,2021,29.2,SI.POV.GINI,Gini index
HUN,Hungary,2020,29.7,SI.POV.GINI,Gini index
HUN,Hungary,2019,30.0,SI.POV.GINI,Gini index
HUN,Hungary,2018,29.6,SI.POV.GINI,Gini index
HUN,Hungary,2017,30.6,SI.POV.GINI,Gini index
HUN,Hungary,2016,30.3,SI.POV.GINI,Gini index
HUN,Hungary,2015,30.4,SI.POV.GINI,Gini index
HUN,Hungary,2014,30.9,SI.POV.GINI,Gini index
HUN,Hungary,2013,31.5,SI.POV.GINI,Gini index
HUN,Hungary,2012,30.8,SI.POV.GINI,Gini index
HUN,Hungary,2011,29.2,SI.POV.GINI,Gini index
HUN,Hungary,2010,29.4,SI.POV.GINI,Gini index
ISL,Iceland,2018,26.6,SI.POV.GINI,Gini index
ISL,Iceland,2017,26.1,SI.POV.GINI,Gini index
ISL,Iceland,2016,27.2,SI.POV.GINI,Gini index
ISL,Iceland,2015,26.8,SI.POV.GINI,Gini index
ISL,Iceland,2014,27.8,SI.POV.GINI,Gini index
ISL,Iceland,2013,25.4,SI.POV.GINI,Gini index
ISL,Iceland,2012,26.8,SI.POV.GINI,Gini index
ISL,Iceland,2011,26.8,SI.POV.GINI,Gini index
ISL,Iceland,2010,26.2,SI.POV.GINI,Gini index
IND,India,2022,25.5,SI.POV.GINI,Gini index
IND,India,2011,28.8,SI.POV.GINI,Gini index
IDN,Indonesia,2023,36.1,SI.POV.GINI,Gini index
IDN,Indonesia,2022,35.5,SI.POV.GINI,Gini index
IDN,Indonesia,2021,35.5,SI.POV.GINI,Gini index
IDN,Indonesia,2020,35.3,SI.POV.GINI,Gini index
IDN,Indonesia,2019,35.4,SI.POV.GINI,Gini index
IDN,Indonesia,2018,36.3,SI.POV.GINI,Gini index
IDN,Indonesia,2017,36.4,SI.POV.GINI,Gini index
IDN,Indonesia,2016,36.9,SI.POV.GINI,Gini index
IDN,Indonesia,2015,38.2,SI.POV.GINI,Gini index
IDN,Indonesia,2014,38.8,SI.POV.GINI,Gini index
IDN,Indonesia,2013,38.9,SI.POV.GINI,Gini index
IDN,Indonesia,2012,37.1,SI.POV.GINI,Gini index
IDN,Indonesia,2011,37.9,SI.POV.GINI,Gini index
IDN,Indonesia,2010,34.6,SI.POV.GINI,Gini index
IRN,"Iran, Islamic Rep.",2023,35.9,SI.POV.GINI,Gini index
IRN,"Iran, Islamic Rep.",2022,34.8,SI.POV.GINI,Gini index
IRN,"Iran, Islamic Rep.",2021,35.5,SI.POV.GINI,Gini index
IRN,"Iran, Islamic Rep.",2020,35.8,SI.POV.GINI,Gini index
IRN,"Iran, Islamic Rep.",2019,36.5,SI.POV.GINI,Gini index
IRN,"Iran, Islamic Rep.",2018,37.4,SI.POV.GINI,Gini index
IRN,"Iran, Islamic Rep.",2017,36.7,SI.POV.GINI,Gini index
IRN,"Iran, Islamic Rep.",2016,35.9,SI.POV.GINI,Gini index
IRN,"Iran, Islamic Rep.",2015,35.3,SI.POV.GINI,Gini index
IRN,"Iran, Islamic Rep.",2014,34.8,SI.POV.GINI,Gini index
IRN,"Iran, Islamic Rep.",2013,34.0,SI.POV.GINI,Gini index
IRN,"Iran, Islamic Rep.",2012,34.4,SI.POV.GINI,Gini index
IRN,"Iran, Islamic Rep.",2011,34.7,SI.POV.GINI,Gini index
IRQ,Iraq,2023,29.8,SI.POV.GINI,Gini index
IRQ,Iraq,2012,29.5,SI.POV.GINI,Gini index
IRL,Ireland,2022,29.9,SI.POV.GINI,Gini index
IRL,Ireland,2021,29.4,SI.POV.GINI,Gini index
IRL,Ireland,2020,29.2,SI.POV.GINI,Gini index
IRL,Ireland,2019,30.3,SI.POV.GINI,Gini index
IRL,Ireland,2018,30.6,SI.POV.GINI,Gini index
IRL,Ireland,2017,31.4,SI.POV.GINI,Gini index
IRL,Ireland,2016,32.8,SI.POV.GINI,Gini index
IRL,Ireland,2015,31.8,SI.POV.GINI,Gini index
IRL,Ireland,2014,31.9,SI.POV.GINI,Gini index
IRL,Ireland,2013,33.5,SI.POV.GINI,Gini index
IRL,Ireland,2012,33.2,SI.POV.GINI,Gini index
IRL,Ireland,2011,32.9,SI.POV.GINI,Gini index
IRL,Ireland,2010,32.3,SI.POV.GINI,Gini index
ISR,Israel,2021,37.9,SI.POV.GINI,Gini index
ISR,Israel,2020,37.8,SI.POV.GINI,Gini index
ISR,Israel,2019,38.3,SI.POV.GINI,Gini index
ISR,Israel,2018,38.6,SI.POV.GINI,Gini index
ISR,Israel,2017,38.2,SI.POV.GINI,Gini index
ISR,Israel,2016,39.0,SI.POV.GINI,Gini index
ISR,Israel,2015,39.7,SI.POV.GINI,Gini index
ISR,Israel,2014,39.8,SI.POV.GINI,Gini index
ISR,Israel,2013,39.9,SI.POV.GINI,Gini index
ISR,Israel,2012,41.3,SI.POV.GINI,Gini index
ISR,Israel,2011,41.4,SI.POV.GINI,Gini index
ISR,Israel,2010,42.6,SI.POV.GINI,Gini index
ITA,Italy,2022,33.7,SI.POV.GINI,Gini index
ITA,Italy,2021,34.8,SI.POV.GINI,Gini index
ITA,Italy,2020,35.2,SI.POV.GINI,Gini index
ITA,Italy,2019,34.6,SI.POV.GINI,Gini index
ITA,Italy,2018,35.2,SI.POV.GINI,Gini index
ITA,Italy,2017,35.9,SI.POV.GINI,Gini index
ITA,Italy,2016,35.2,SI.POV.GINI,Gini index
ITA,Italy,2015,35.4,SI.POV.GINI,Gini index
ITA,Italy,2014,34.7,SI.POV.GINI,Gini index
ITA,Italy,2013,34.9,SI.POV.GINI,Gini index
ITA,Italy,2012,35.2,SI.POV.GINI,Gini index
ITA,Italy,2011,35.1,SI.POV.GINI,Gini index
ITA,Italy,2010,34.7,SI.POV.GINI,Gini index
JAM,Jamaica,2021,39.9,SI.POV.GINI,Gini index
JAM,Jamaica,2018,35.3,SI.POV.GINI,Gini index
JPN,Japan,2020,32.3,SI.POV.GINI,Gini index
JPN,Japan,2019,33.0,SI.POV.GINI,Gini index
JPN,Japan,2018,32.9,SI.POV.GINI,Gini index
JPN,Japan,2017,31.8,SI.POV.GINI,Gini index
JPN,Japan,2016,31.8,SI.POV.GINI,Gini index
JPN,Japan,2015,30.7,SI.POV.GINI,Gini index
JPN,Japan,2014,31.3,SI.POV.GINI,Gini index
JPN,Japan,2013,31.5,SI.POV.GINI,Gini index
JPN,Japan,2012,32.5,SI.POV.GINI,Gini index
JPN,Japan,2011,33.0,SI.POV.GINI,Gini index
JPN,Japan,2010,31.5,SI.POV.GINI,Gini index
JOR,Jordan,2010,33.7,SI.POV.GINI,Gini index
KAZ,Kazakhstan,2021,29.2,SI.POV.GINI,Gini index
KAZ,Kazakhstan,2020,28.7,SI.POV.GINI,Gini index
KAZ,Kazakhstan,2019,28.0,SI.POV.GINI,Gini index
KAZ,Kazakhstan,2018,27.8,SI.POV.GINI,Gini index
KAZ,Kazakhstan,2017,27.5,SI.POV.GINI,Gini index
KAZ,Kazakhstan,2016,27.2,SI.POV.GINI,Gini index
KAZ,Kazakhstan,2015,26.8,SI.POV.GINI,Gini index
KAZ,Kazakhstan,2014,27.0,SI.POV.GINI,Gini index
KAZ,Kazakhstan,2013,27.1,SI.POV.GINI,Gini index
KAZ,Kazakhstan,2012,28.2,SI.POV.GINI,Gini index
KAZ,Kazakhstan,2011,28.0,SI.POV.GINI,Gini index
KAZ,Kazakhstan,2010,28.0,SI.POV.GINI,Gini index
KEN,Kenya,2021,38.7,SI.POV.GINI,Gini index
KEN,Kenya,2020,36.2,SI.POV.GINI,Gini index
KEN,Kenya,2015,40.8,SI.POV.GINI,Gini index
KIR,Kiribati,2019,27.8,SI.POV.GINI,Gini index
KOR,"Korea, Rep.",2021,32.9,SI.POV.GINI,Gini index
KOR,"Korea, Rep.",2020,32.7,SI.POV.GINI,Gini index
KOR,"Korea, Rep.",2019,33.2,SI.POV.GINI,Gini index
KOR,"Korea, Rep.",2018,33.7,SI.POV.GINI,Gini index
KOR,"Korea, Rep.",2017,34.9,SI.POV.GINI,Gini index
KOR,"Korea, Rep.",2016,35.2,SI.POV.GINI,Gini index
KOR,"Korea, Rep.",2014,31.2,SI.POV.GINI,Gini index
KOR,"Korea, Rep.",2012,31.6,SI.POV.GINI,Gini index
KOR,"Korea, Rep.",2010,32.0,SI.POV.GINI,Gini index
XKX,Kosovo,2021,49.4,SI.POV.GINI,Gini index
XKX,Kosovo,2020,57.4,SI.POV.GINI,Gini index
XKX,Kosovo,2019,40.2,SI.POV.GINI,Gini index
XKX,Kosovo,2018,44.6,SI.POV.GINI,Gini index
XKX,Kosovo,2017,44.2,SI.POV.GINI,Gini index
XKX,Kosovo,2016,26.7,SI.POV.GINI,Gini index
XKX,Kosovo,2015,26.5,SI.POV.GINI,Gini index
XKX,Kosovo,2014,27.3,SI.POV.GINI,Gini index
XKX,Kosovo,2013,26.3,SI.POV.GINI,Gini index
XKX,Kosovo,2012,29.0,SI.POV.GINI,Gini index
XKX,Kosovo,2011,27.8,SI.POV.GINI,Gini index
XKX,Kosovo,2010,33.3,SI.POV.GINI,Gini index
KGZ,Kyrgyz Republic,2022,26.4,SI.POV.GINI,Gini index
KGZ,Kyrgyz Republic,2021,28.8,SI.POV.GINI,Gini index
KGZ,Kyrgyz Republic,2020,29.0,SI.POV.GINI,Gini index
KGZ,Kyrgyz Republic,2019,29.7,SI.POV.GINI,Gini index
KGZ,Kyrgyz Republic,2018,27.7,SI.POV.GINI,Gini index
KGZ,Kyrgyz Republic,2017,27.3,SI.POV.GINI,Gini index
KGZ,Kyrgyz Republic,2016,26.8,SI.POV.GINI,Gini index
KGZ,Kyrgyz Republic,2015,29.0,SI.POV.GINI,Gini index
KGZ,Kyrgyz Republic,2014,26.8,SI.POV.GINI,Gini index
KGZ,Kyrgyz Republic,2013,28.8,SI.POV.GINI,Gini index
KGZ,Kyrgyz Republic,2012,27.4,SI.POV.GINI,Gini index
KGZ,Kyrgyz Republic,2011,27.8,SI.POV.GINI,Gini index
KGZ,Kyrgyz Republic,2010,30.1,SI.POV.GINI,Gini index
LAO,Lao PDR,2018,38.8,SI.POV.GINI,Gini index
LAO,Lao PDR,2012,36.0,SI.POV.GINI,Gini index
LVA,Latvia,2022,33.7,SI.POV.GINI,Gini index
LVA,Latvia,2021,34.3,SI.POV.GINI,Gini index
LVA,Latvia,2020,35.7,SI.POV.GINI,Gini index
LVA,Latvia,2019,34.5,SI.POV.GINI,Gini index
LVA,Latvia,2018,35.1,SI.POV.GINI,Gini index
LVA,Latvia,2017,35.6,SI.POV.GINI,Gini index
LVA,Latvia,2016,34.3,SI.POV.GINI,Gini index
LVA,Latvia,2015,34.2,SI.POV.GINI,Gini index
LVA,Latvia,2014,35.1,SI.POV.GINI,Gini index
LVA,Latvia,2013,35.5,SI.POV.GINI,Gini index
LVA,Latvia,2012,35.2,SI.POV.GINI,Gini index
LVA,Latvia,2011,35.8,SI.POV.GINI,Gini index
LVA,Latvia,2010,35.0,SI.POV.GINI,Gini index
LBN,Lebanon,2011,31.8,SI.POV.GINI,Gini index
LSO,Lesotho,2017,44.9,SI.POV.GINI,Gini index
LBR,Liberia,2016,35.3,SI.POV.GINI,Gini index
LBR,Liberia,2014,33.2,SI.POV.GINI,Gini index
LTU,Lithuania,2022,36.6,SI.POV.GINI,Gini index
LTU,Lithuania,2021,36.7,SI.POV.GINI,Gini index
LTU,Lithuania,2020,36.0,SI.POV.GINI,Gini index
LTU,Lithuania,2019,35.3,SI.POV.GINI,Gini index
LTU,Lithuania,2018,35.7,SI.POV.GINI,Gini index
LTU,Lithuania,2017,37.3,SI.POV.GINI,Gini index
LTU,Lithuania,2016,38.4,SI.POV.GINI,Gini index
LTU,Lithuania,2015,37.4,SI.POV.GINI,Gini index
LTU,Lithuania,2014,37.7,SI.POV.GINI,Gini index
LTU,Lithuania,2013,35.3,SI.POV.GINI,Gini index
LTU,Lithuania,2012,35.1,SI.POV.GINI,Gini index
LTU,Lithuania,2011,32.5,SI.POV.GINI,Gini index
LTU,Lithuania,2010,33.6,SI.POV.GINI,Gini index
LUX,Luxembourg,2022,34.1,SI.POV.GINI,Gini index
LUX,Luxembourg,2021,32.7,SI.POV.GINI,Gini index
LUX,Luxembourg,2020,33.4,SI.POV.GINI,Gini index
LUX,Luxembourg,2019,34.2,SI.POV.GINI,Gini index
LUX,Luxembourg,2018,35.4,SI.POV.GINI,Gini index
LUX,Luxembourg,2017,34.5,SI.POV.GINI,Gini index
LUX,Luxembourg,2016,31.7,SI.POV.GINI,Gini index
LUX,Luxembourg,2015,32.9,SI.POV.GINI,Gini index
LUX,Luxembourg,2014,31.2,SI.POV.GINI,Gini index
LUX,Luxembourg,2013,32.0,SI.POV.GINI,Gini index
LUX,Luxembourg,2012,34.3,SI.POV.GINI,Gini index
LUX,Luxembourg,2011,32.1,SI.POV.GINI,Gini index
LUX,Luxembourg,2010,30.5,SI.POV.GINI,Gini index
MDG,Madagascar,2012,42.5,SI.POV.GINI,Gini index
MDG,Madagascar,2010,42.4,SI.POV.GINI,Gini index
MWI,Malawi,2019,38.5,SI.POV.GINI,Gini index
MWI,Malawi,2016,44.7,SI.POV.GINI,Gini index
MWI,Malawi,2010,45.5,SI.POV.GINI,Gini index
MYS,Malaysia,2021,40.7,SI.POV.GINI,Gini index
MYS,Malaysia,2018,41.2,SI.POV.GINI,Gini index
MYS,Malaysia,2015,41.1,SI.POV.GINI,Gini index
MYS,Malaysia,2013,41.3,SI.POV.GINI,Gini index
MYS,Malaysia,2011,43.9,SI.POV.GINI,Gini index
MDV,Maldives,2019,29.3,SI.POV.GINI,Gini index
MDV,Maldives,2016,31.3,SI.POV.GINI,Gini index
MLI,Mali,2021,35.7,SI.POV.GINI,Gini index
MLI,Mali,2018,36.0,SI.POV.GINI,Gini index
MLT,Malta,2022,34.6,SI.POV.GINI,Gini index
MLT,Malta,2021,31.6,SI.POV.GINI,Gini index
MLT,Malta,2020,31.4,SI.POV.GINI,Gini index
MLT,Malta,2019,31.0,SI.POV.GINI,Gini index
MLT,Malta,2018,28.7,SI.POV.GINI,Gini index
MLT,Malta,2017,29.2,SI.POV.GINI,Gini index
MLT,Malta,2016,29.1,SI.POV.GINI,Gini index
MLT,Malta,2015,29.4,SI.POV.GINI,Gini index
MLT,Malta,2014,29.0,SI.POV.GINI,Gini index
MLT,Malta,2013,28.8,SI.POV.GINI,Gini index
MLT,Malta,2012,29.4,SI.POV.GINI,Gini index
MLT,Malta,2011,29.1,SI.POV.GINI,Gini index
MLT,Malta,2010,29.0,SI.POV.GINI,Gini index
MHL,Marshall Islands,2019,35.5,SI.POV.GINI,Gini index
MRT,Mauritania,2019,32.0,SI.POV.GINI,Gini index
MRT,Mauritania,2014,32.6,SI.POV.GINI,Gini index
MUS,Mauritius,2017,36.8,SI.POV.GINI,Gini index
MUS,Mauritius,2012,38.5,SI.POV.GINI,Gini index
MEX,Mexico,2022,43.5,SI.POV.GINI,Gini index
MEX,Mexico,2020,44.6,SI.POV.GINI,Gini index
MEX,Mexico,2018,46.0,SI.POV.GINI,Gini index
MEX,Mexico,2016,46.9,SI.POV.GINI,Gini index
MEX,Mexico,2014,48.9,SI.POV.GINI,Gini index
MEX,Mexico,2012,49.6,SI.POV.GINI,Gini index
MEX,Mexico,2010,47.7,SI.POV.GINI,Gini index
FSM,"Micronesia, Fed. Sts.",2013,40.1,SI.POV.GINI,Gini index
MDA,Moldova,2022,25.9,SI.POV.GINI,Gini index
MDA,Moldova,2021,25.7,SI.POV.GINI,Gini index
MDA,Moldova,2019,26.0,SI.POV.GINI,Gini index
MDA,Moldova,2018,25.7,SI.POV.GINI,Gini index
MDA,Moldova,2017,25.9,SI.POV.GINI,Gini index
MDA,Moldova,2016,26.3,SI.POV.GINI,Gini index
MDA,Moldova,2015,27.0,SI.POV.GINI,Gini index
MDA,Moldova,2014,26.8,SI.POV.GINI,Gini index
MDA,Moldova,2013,28.5,SI.POV.GINI,Gini index
MDA,Moldova,2012,29.2,SI.POV.GINI,Gini index
MDA,Moldova,2011,30.6,SI.POV.GINI,Gini index
MDA,Moldova,2010,32.1,SI.POV.GINI,Gini index
MNG,Mongolia,2022,31.4,SI.POV.GINI,Gini index
MNG,Mongolia,2018,32.7,SI.POV.GINI,Gini index
MNG,Mongolia,2016,32.3,SI.POV.GINI,Gini index
MNG,Mongolia,2014,32.0,SI.POV.GINI,Gini index
MNG,Mongolia,2012,33.8,SI.POV.GINI,Gini index
MNG,Mongolia,2011,33.9,SI.POV.GINI,Gini index
MNG,Mongolia,2010,33.1,SI.POV.GINI,Gini index
MNE,Montenegro,2021,34.3,SI.POV.GINI,Gini index
MNE,Montenegro,2020,35.4,SI.POV.GINI,Gini index
MNE,Montenegro,2019,35.7,SI.POV.GINI,Gini index
MNE,Montenegro,2018,36.8,SI.POV.GINI,Gini index
MNE,Montenegro,2017,36.9,SI.POV.GINI,Gini index
MNE,Montenegro,2016,38.5,SI.POV.GINI,Gini index
MNE,Montenegro,2015,39.0,SI.POV.GINI,Gini index
MNE,Montenegro,2014,38.8,SI.POV.GINI,Gini index
MNE,Montenegro,2013,39.0,SI.POV.GINI,Gini index
MNE,Montenegro,2012,41.2,SI.POV.GINI,Gini index
MNE,Montenegro,2011,30.8,SI.POV.GINI,Gini index
MNE,Montenegro,2010,28.9,SI.POV.GINI,Gini index
MAR,Morocco,2013,39.5,SI.POV.GINI,Gini index
MOZ,Mozambique,2019,50.3,SI.POV.GINI,Gini index
MOZ,Mozambique,2014,54.0,SI.POV.GINI,Gini index
MMR,Myanmar,2017,30.7,SI.POV.GINI,Gini index
MMR,Myanmar,2015,38.1,SI.POV.GINI,Gini index
NAM,Namibia,2015,59.1,SI.POV.GINI,Gini index
NRU,Nauru,2012,32.4,SI.POV.GINI,Gini index
NPL,Nepal,2022,30.0,SI.POV.GINI,Gini index
NPL,Nepal,2010,32.8,SI.POV.GINI,Gini index
NLD,Netherlands,2021,25.7,SI.POV.GINI,Gini index
NLD,Netherlands,2020,26.0,SI.POV.GINI,Gini index
NLD,Netherlands,2019,29.2,SI.POV.GINI,Gini index
NLD,Netherlands,2018,28.1,SI.POV.GINI,Gini index
NLD,Netherlands,2017,28.5,SI.POV.GINI,Gini index
NLD,Netherlands,2016,28.2,SI.POV.GINI,Gini index
NLD,Netherlands,2015,28.2,SI.POV.GINI,Gini index
NLD,Netherlands,2014,28.6,SI.POV.GINI,Gini index
NLD,Netherlands,2013,28.1,SI.POV.GINI,Gini index
NLD,Netherlands,2012,27.6,SI.POV.GINI,Gini index
NLD,Netherlands,2011,27.8,SI.POV.GINI,Gini index
NLD,Netherlands,2010,27.8,SI.POV.GINI,Gini index
NIC,Nicaragua,2014,46.2,SI.POV.GINI,Gini index
NER,Niger,2021,32.9,SI.POV.GINI,Gini index
NER,Niger,2018,37.3,SI.POV.GINI,Gini index
NER,Niger,2014,34.3,SI.POV.GINI,Gini index
NER,Niger,2011,31.5,SI.POV.GINI,Gini index
NGA,Nigeria,2018,35.1,SI.POV.GINI,Gini index
NGA,Nigeria,2015,35.9,SI.POV.GINI,Gini index
NGA,Nigeria,2012,35.5,SI.POV.GINI,Gini index
NGA,Nigeria,2010,35.7,SI.POV.GINI,Gini index
MKD,North Macedonia,2019,33.5,SI.POV.GINI,Gini index
MKD,North Macedonia,2018,33.0,SI.POV.GINI,Gini index
MKD,North Macedonia,2017,34.2,SI.POV.GINI,Gini index
MKD,North Macedonia,2016,34.5,SI.POV.GINI,Gini index
MKD,North Macedonia,2015,35.6,SI.POV.GINI,Gini index
MKD,North Macedonia,2014,35.2,SI.POV.GINI,Gini index
MKD,North Macedonia,2013,36.2,SI.POV.GINI,Gini index
MKD,North Macedonia,2012,38.1,SI.POV.GINI,Gini index
MKD,North Macedonia,2011,39.4,SI.POV.GINI,Gini index
MKD,North Macedonia,2010,40.1,SI.POV.GINI,Gini index
NOR,Norway,2022,26.9,SI.POV.GINI,Gini index
NOR,Norway,2021,29.1,SI.POV.GINI,Gini index
NOR,Norway,2020,28.4,SI.POV.GINI,Gini index
NOR,Norway,2019,27.7,SI.POV.GINI,Gini index
NOR,Norway,2018,27.6,SI.POV.GINI,Gini index
NOR,Norway,2017,27.0,SI.POV.GINI,Gini index
NOR,Norway,2016,28.5,SI.POV.GINI,Gini index
NOR,Norway,2015,27.5,SI.POV.GINI,Gini index
NOR,Norway,2014,26.8,SI.POV.GINI,Gini index
NOR,Norway,2013,26.4,SI.POV.GINI,Gini index
NOR,Norway,2012,25.7,SI.POV.GINI,Gini index
NOR,Norway,2011,25.3,SI.POV.GINI,Gini index
NOR,Norway,2010,25.7,SI.POV.GINI,Gini index
PAK,Pakistan,2018,29.6,SI.POV.GINI,Gini index
PAK,Pakistan,2015,31.3,SI.POV.GINI,Gini index
PAK,Pakistan,2013,29.5,SI.POV.GINI,Gini index
PAK,Pakistan,2011,29.7,SI.POV.GINI,Gini index
PAK,Pakistan,2010,28.8,SI.POV.GINI,Gini index
PAN,Panama,2023,48.9,SI.POV.GINI,Gini index
PAN,Panama,2021,50.9,SI.POV.GINI,Gini index
PAN,Panama,2019,49.8,SI.POV.GINI,Gini index
PAN,Panama,2018,49.2,SI.POV.GINI,Gini index
PAN,Panama,2017,49.9,SI.POV.GINI,Gini index
PAN,Panama,2016,50.4,SI.POV.GINI,Gini index
PAN,Panama,2015,50.8,SI.POV.GINI,Gini index
PAN,Panama,2014,50.5,SI.POV.GINI,Gini index
PAN,Panama,2013,51.5,SI.POV.GINI,Gini index
PAN,Panama,2012,51.7,SI.POV.GINI,Gini index
PAN,Panama,2011,51.3,SI.POV.GINI,Gini index
PAN,Panama,2010,51.6,SI.POV.GINI,Gini index
PRY,Paraguay,2023,44.4,SI.POV.GINI,Gini index
PRY,Paraguay,2022,44.8,SI.POV.GINI,Gini index
PRY,Paraguay,2021,42.9,SI.POV.GINI,Gini index
PRY,Paraguay,2020,43.5,SI.POV.GINI,Gini index
PRY,Paraguay,2019,45.7,SI.POV.GINI,Gini index
PRY,Paraguay,2018,46.0,SI.POV.GINI,Gini index
PRY,Paraguay,2017,48.5,SI.POV.GINI,Gini index
PRY,Paraguay,2016,47.9,SI.POV.GINI,Gini index
PRY,Paraguay,2015,47.6,SI.POV.GINI,Gini index
PRY,Paraguay,2014,50.7,SI.POV.GINI,Gini index
PRY,Paraguay,2013,47.9,SI.POV.GINI,Gini index
PRY,Paraguay,2012,47.6,SI.POV.GINI,Gini index
PRY,Paraguay,2011,52.3,SI.POV.GINI,Gini index
PRY,Paraguay,2010,51.0,SI.POV.GINI,Gini index
PER,Peru,2023,40.7,SI.POV.GINI,Gini index
PER,Peru,2022,40.3,SI.POV.GINI,Gini index
PER,Peru,2021,40.1,SI.POV.GINI,Gini index
PER,Peru,2020,43.7,SI.POV.GINI,Gini index
PER,Peru,2019,41.5,SI.POV.GINI,Gini index
PER,Peru,2018,42.4,SI.POV.GINI,Gini index
PER,Peru,2017,43.3,SI.POV.GINI,Gini index
PER,Peru,2016,43.6,SI.POV.GINI,Gini index
PER,Peru,2015,43.4,SI.POV.GINI,Gini index
PER,Peru,2014,43.1,SI.POV.GINI,Gini index
PER,Peru,2013,43.9,SI.POV.GINI,Gini index
PER,Peru,2012,44.4,SI.POV.GINI,Gini index
PER,Peru,2011,44.7,SI.POV.GINI,Gini index
PER,Peru,2010,45.5,SI.POV.GINI,Gini index
PHL,Philippines,2023,39.3,SI.POV.GINI,Gini index
PHL,Philippines,2021,40.7,SI.POV.GINI,Gini index
PHL,Philippines,2018,42.3,SI.POV.GINI,Gini index
PHL,Philippines,2015,44.6,SI.POV.GINI,Gini index
PHL,Philippines,2012,46.5,SI.POV.GINI,Gini index
POL,Poland,2022,28.9,SI.POV.GINI,Gini index
POL,Poland,2021,28.5,SI.POV.GINI,Gini index
POL,Poland,2020,28.5,SI.POV.GINI,Gini index
POL,Poland,2019,28.8,SI.POV.GINI,Gini index
POL,Poland,2018,30.2,SI.POV.GINI,Gini index
POL,Poland,2017,29.7,SI.POV.GINI,Gini index
POL,Poland,2016,31.2,SI.POV.GINI,Gini index
POL,Poland,2015,31.8,SI.POV.GINI,Gini index
POL,Poland,2014,32.8,SI.POV.GINI,Gini index
POL,Poland,2013,33.1,SI.POV.GINI,Gini index
POL,Poland,2012,33.0,SI.POV.GINI,Gini index
POL,Poland,2011,33.2,SI.POV.GINI,Gini index
POL,Poland,2010,33.2,SI.POV.GINI,Gini index
PRT,Portugal,2022,36.3,SI.POV.GINI,Gini index
PRT,Portugal,2021,34.6,SI.POV.GINI,Gini index
PRT,Portugal,2020,34.7,SI.POV.GINI,Gini index
PRT,Portugal,2019,32.8,SI.POV.GINI,Gini index
PRT,Portugal,2018,33.5,SI.POV.GINI,Gini index
PRT,Portugal,2017,33.8,SI.POV.GINI,Gini index
PRT,Portugal,2016,35.2,SI.POV.GINI,Gini index
PRT,Portugal,2015,35.5,SI.POV.GINI,Gini index
PRT,Portugal,2014,35.6,SI.POV.GINI,Gini index
PRT,Portugal,2013,36.2,SI.POV.GINI,Gini index
PRT,Portugal,2012,36.0,SI.POV.GINI,Gini index
PRT,Portugal,2011,36.3,SI.POV.GINI,Gini index
PRT,Portugal,2010,35.8,SI.POV.GINI,Gini index
QAT,Qatar,2017,35.1,SI.POV.GINI,Gini index
ROU,Romania,2022,32.3,SI.POV.GINI,Gini index
ROU,Romania,2021,33.9,SI.POV.GINI,Gini index
ROU,Romania,2020,34.6,SI.POV.GINI,Gini index
ROU,Romania,2019,34.8,SI.POV.GINI,Gini index
ROU,Romania,2018,35.8,SI.POV.GINI,Gini index
ROU,Romania,2017,36.0,SI.POV.GINI,Gini index
ROU,Romania,2016,34.4,SI.POV.GINI,Gini index
ROU,Romania,2015,35.9,SI.POV.GINI,Gini index
ROU,Romania,2014,36.0,SI.POV.GINI,Gini index
ROU,Romania,2013,36.9,SI.POV.GINI,Gini index
ROU,Romania,2012,36.5,SI.POV.GINI,Gini index
ROU,Romania,2011,35.9,SI.POV.GINI,Gini index
ROU,Romania,2010,35.5,SI.POV.GINI,Gini index
RUS,Russian Federation,2021,35.1,SI.POV.GINI,Gini index
RUS,Russian Federation,2020,33.7,SI.POV.GINI,Gini index
RUS,Russian Federation,2019,35.7,SI.POV.GINI,Gini index
RUS,Russian Federation,2018,35.3,SI.POV.GINI,Gini index
RUS,Russian Federation,2017,35.5,SI.POV.GINI,Gini index
RUS,Russian Federation,2016,36.7,SI.POV.GINI,Gini index
RUS,Russian Federation,2015,36.5,SI.POV.GINI,Gini index
RUS,Russian Federation,2014,36.9,SI.POV.GINI,Gini index
RUS,Russian Federation,2013,40.9,SI.POV.GINI,Gini index
RUS,Russian Federation,2012,40.7,SI.POV.GINI,Gini index
RUS,Russian Federation,2011,39.7,SI.POV.GINI,Gini index
RUS,Russian Federation,2010,39.5,SI.POV.GINI,Gini index
RWA,Rwanda,2016,43.7,SI.POV.GINI,Gini index
RWA,Rwanda,2013,45.1,SI.POV.GINI,Gini index
RWA,Rwanda,2010,47.2,SI.POV.GINI,Gini index
WSM,Samoa,2013,38.7,SI.POV.GINI,Gini index
STP,Sao Tome and Principe,2017,40.7,SI.POV.GINI,Gini index
STP,Sao Tome and Principe,2010,30.8,SI.POV.GINI,Gini index
SEN,Senegal,2021,36.2,SI.POV.GINI,Gini index
SEN,Senegal,2018,38.3,SI.POV.GINI,Gini index
SEN,Senegal,2011,40.3,SI.POV.GINI,Gini index
SRB,Serbia,2022,32.8,SI.POV.GINI,Gini index
SRB,Serbia,2021,33.1,SI.POV.GINI,Gini index
SRB,Serbia,2020,35.0,SI.POV.GINI,Gini index
SRB,Serbia,2019,34.5,SI.POV.GINI,Gini index
SRB,Serbia,2018,35.0,SI.POV.GINI,Gini index
SRB,Serbia,2017,36.1,SI.POV.GINI,Gini index
SRB,Serbia,2016,38.8,SI.POV.GINI,Gini index
SRB,Serbia,2015,40.5,SI.POV.GINI,Gini index
SRB,Serbia,2014,40.4,SI.POV.GINI,Gini index
SRB,Serbia,2013,39.4,SI.POV.GINI,Gini index
SRB,Serbia,2012,39.9,SI.POV.GINI,Gini index
SRB,Serbia,2010,29.0,SI.POV.GINI,Gini index
SYC,Seychelles,2018,32.1,SI.POV.GINI,Gini index
SYC,Seychelles,2013,46.8,SI.POV.GINI,Gini index
SLE,Sierra Leone,2018,35.7,SI.POV.GINI,Gini index
SLE,Sierra Leone,2011,34.0,SI.POV.GINI,Gini index
SVK,Slovak Republic,2022,24.1,SI.POV.GINI,Gini index
SVK,Slovak Republic,2021,24.1,SI.POV.GINI,Gini index
SVK,Slovak Republic,2020,24.2,SI.POV.GINI,Gini index
SVK,Slovak Republic,2019,23.2,SI.POV.GINI,Gini index
SVK,Slovak Republic,2018,25.0,SI.POV.GINI,Gini index
SVK,Slovak Republic,2017,23.2,SI.POV.GINI,Gini index
SVK,Slovak Republic,2016,25.2,SI.POV.GINI,Gini index
SVK,Slovak Republic,2015,26.5,SI.POV.GINI,Gini index
SVK,Slovak Republic,2014,26.1,SI.POV.GINI,Gini index
SVK,Slovak Republic,2013,28.1,SI.POV.GINI,Gini index
SVK,Slovak Republic,2012,26.1,SI.POV.GINI,Gini index
SVK,Slovak Republic,2011,26.5,SI.POV.GINI,Gini index
SVK,Slovak Republic,2010,27.3,SI.POV.GINI,Gini index
SVN,Slovenia,2022,24.3,SI.POV.GINI,Gini index
SVN,Slovenia,2021,24.3,SI.POV.GINI,Gini index
SVN,Slovenia,2020,24.0,SI.POV.GINI,Gini index
SVN,Slovenia,2019,24.4,SI.POV.GINI,Gini index
SVN,Slovenia,2018,24.6,SI.POV.GINI,Gini index
SVN,Slovenia,2017,24.2,SI.POV.GINI,Gini index
SVN,Slovenia,2016,24.8,SI.POV.GINI,Gini index
SVN,Slovenia,2015,25.4,SI.POV.GINI,Gini index
SVN,Slovenia,2014,25.7,SI.POV.GINI,Gini index
SVN,Slovenia,2013,26.2,SI.POV.GINI,Gini index
SVN,Slovenia,2012,25.6,SI.POV.GINI,Gini index
SVN,Slovenia,2011,24.9,SI.POV.GINI,Gini index
SVN,Slovenia,2010,24.9,SI.POV.GINI,Gini index
SLB,Solomon Islands,2012,37.1,SI.POV.GINI,Gini index
ZAF,South Africa,2014,63.0,SI.POV.GINI,Gini index
ZAF,South Africa,2010,63.4,SI.POV.GINI,Gini index
SSD,South Sudan,2016,44.0,SI.POV.GINI,Gini index
ESP,Spain,2022,33.6,SI.POV.GINI,Gini index
ESP,Spain,2021,33.9,SI.POV.GINI,Gini index
ESP,Spain,2020,34.9,SI.POV.GINI,Gini index
ESP,Spain,2019,34.3,SI.POV.GINI,Gini index
ESP,Spain,2018,34.7,SI.POV.GINI,Gini index
ESP,Spain,2017,34.7,SI.POV.GINI,Gini index
ESP,Spain,2016,35.8,SI.POV.GINI,Gini index
ESP,Spain,2015,36.2,SI.POV.GINI,Gini index
ESP,Spain,2014,36.1,SI.POV.GINI,Gini index
ESP,Spain,2013,36.2,SI.POV.GINI,Gini index
ESP,Spain,2012,35.4,SI.POV.GINI,Gini index
ESP,Spain,2011,35.7,SI.POV.GINI,Gini index
ESP,Spain,2010,35.2,SI.POV.GINI,Gini index
LKA,Sri Lanka,2019,37.7,SI.POV.GINI,Gini index
LKA,Sri Lanka,2016,39.3,SI.POV.GINI,Gini index
LKA,Sri Lanka,2012,38.7,SI.POV.GINI,Gini index
LCA,St. Lucia,2015,43.7,SI.POV.GINI,Gini index
SDN,Sudan,2014,34.2,SI.POV.GINI,Gini index
SUR,Suriname,2022,39.2,SI.POV.GINI,Gini index
SWE,Sweden,2022,31.6,SI.POV.GINI,Gini index
SWE,Sweden,2021,29.8,SI.POV.GINI,Gini index
SWE,Sweden,2020,28.9,SI.POV.GINI,Gini index
SWE,Sweden,2019,29.3,SI.POV.GINI,Gini index
SWE,Sweden,2018,30.0,SI.POV.GINI,Gini index
SWE,Sweden,2017,28.8,SI.POV.GINI,Gini index
SWE,Sweden,2016,29.6,SI.POV.GINI,Gini index
SWE,Sweden,2015,29.2,SI.POV.GINI,Gini index
SWE,Sweden,2014,28.4,SI.POV.GINI,Gini index
SWE,Sweden,2013,28.8,SI.POV.GINI,Gini index
SWE,Sweden,2012,27.6,SI.POV.GINI,Gini index
SWE,Sweden,2011,27.6,SI.POV.GINI,Gini index
SWE,Sweden,2010,27.7,SI.POV.GINI,Gini index
CHE,Switzerland,2021,33.8,SI.POV.GINI,Gini index
CHE,Switzerland,2020,33.7,SI.POV.GINI,Gini index
CHE,Switzerland,2019,34.0,SI.POV.GINI,Gini index
CHE,Switzerland,2018,33.1,SI.POV.GINI,Gini index
CHE,Switzerland,2017,32.7,SI.POV.GINI,Gini index
CHE,Switzerland,2016,33.0,SI.POV.GINI,Gini index
CHE,Switzerland,2015,32.3,SI.POV.GINI,Gini index
CHE,Switzerland,2014,32.5,SI.POV.GINI,Gini index
CHE,Switzerland,2013,32.5,SI.POV.GINI,Gini index
CHE,Switzerland,2012,31.6,SI.POV.GINI,Gini index
CHE,Switzerland,2011,31.7,SI.POV.GINI,Gini index
CHE,Switzerland,2010,32.6,SI.POV.GINI,Gini index
SYR,Syrian Arab Republic,2022,26.6,SI.POV.GINI,Gini index
TJK,Tajikistan,2015,34.0,SI.POV.GINI,Gini index
TZA,Tanzania,2018,40.5,SI.POV.GINI,Gini index
TZA,Tanzania,2011,37.8,SI.POV.GINI,Gini index
THA,Thailand,2023,33.5,SI.POV.GINI,Gini index
THA,Thailand,2022,34.3,SI.POV.GINI,Gini index
THA,Thailand,2021,34.9,SI.POV.GINI,Gini index
THA,Thailand,2020,35.0,SI.POV.GINI,Gini index
THA,Thailand,2019,34.9,SI.POV.GINI,Gini index
THA,Thailand,2018,36.4,SI.POV.GINI,Gini index
THA,Thailand,2017,36.4,SI.POV.GINI,Gini index
THA,Thailand,2016,36.7,SI.POV.GINI,Gini index
THA,Thailand,2015,36.0,SI.POV.GINI,Gini index
THA,Thailand,2014,37.0,SI.POV.GINI,Gini index
THA,Thailand,2013,37.8,SI.POV.GINI,Gini index
THA,Thailand,2012,39.3,SI.POV.GINI,Gini index
THA,Thailand,2011,37.5,SI.POV.GINI,Gini index
THA,Thailand,2010,39.4,SI.POV.GINI,Gini index
TLS,Timor-Leste,2014,28.7,SI.POV.GINI,Gini index
TGO,Togo,2021,37.9,SI.POV.GINI,Gini index
TGO,Togo,2018,42.5,SI.POV.GINI,Gini index
TGO,Togo,2015,43.0,SI.POV.GINI,Gini index
TGO,Togo,2011,46.0,SI.POV.GINI,Gini index
TON,Tonga,2021,27.1,SI.POV.GINI,Gini index
TON,Tonga,2015,33.5,SI.POV.GINI,Gini index
TUN,Tunisia,2021,33.7,SI.POV.GINI,Gini index
TUN,Tunisia,2015,32.8,SI.POV.GINI,Gini index
TUN,Tunisia,2010,38.5,SI.POV.GINI,Gini index
TUR,Turkiye,2022,44.5,SI.POV.GINI,Gini index
TUR,Turkiye,2021,44.4,SI.POV.GINI,Gini index
TUR,Turkiye,2020,43.0,SI.POV.GINI,Gini index
TUR,Turkiye,2019,43.8,SI.POV.GINI,Gini index
TUR,Turkiye,2018,42.4,SI.POV.GINI,Gini index
TUR,Turkiye,2017,43.5,SI.POV.GINI,Gini index
TUR,Turkiye,2016,41.9,SI.POV.GINI,Gini index
TUR,Turkiye,2015,42.9,SI.POV.GINI,Gini index
TUR,Turkiye,2014,41.2,SI.POV.GINI,Gini index
TUR,Turkiye,2013,40.2,SI.POV.GINI,Gini index
TUR,Turkiye,2012,40.2,SI.POV.GINI,Gini index
TUR,Turkiye,2011,40.0,SI.POV.GINI,Gini index
TUR,Turkiye,2010,38.8,SI.POV.GINI,Gini index
TUV,Tuvalu,2010,39.1,SI.POV.GINI,Gini index
UGA,Uganda,2019,42.7,SI.POV.GINI,Gini index
UGA,Uganda,2016,42.8,SI.POV.GINI,Gini index
UGA,Uganda,2012,41.0,SI.POV.GINI,Gini index
UKR,Ukraine,2020,25.6,SI.POV.GINI,Gini index
UKR,Ukraine,2019,26.6,SI.POV.GINI,Gini index
UKR,Ukraine,2018,26.1,SI.POV.GINI,Gini index
UKR,Ukraine,2017,26.0,SI.POV.GINI,Gini index
UKR,Ukraine,2016,25.0,SI.POV.GINI,Gini index
UKR,Ukraine,2015,25.5,SI.POV.GINI,Gini index
UKR,Ukraine,2014,24.0,SI.POV.GINI,Gini index
UKR,Ukraine,2013,24.6,SI.POV.GINI,Gini index
UKR,Ukraine,2012,24.7,SI.POV.GINI,Gini index
UKR,Ukraine,2011,24.6,SI.POV.GINI,Gini index
UKR,Ukraine,2010,24.8,SI.POV.GINI,Gini index
ARE,United Arab Emirates,2018,26.4,SI.POV.GINI,Gini index
ARE,United Arab Emirates,2013,32.5,SI.POV.GINI,Gini index
GBR,United Kingdom,2021,32.4,SI.POV.GINI,Gini index
GBR,United Kingdom,2020,32.6,SI.POV.GINI,Gini index
GBR,United Kingdom,2019,32.8,SI.POV.GINI,Gini index
GBR,United Kingdom,2018,33.7,SI.POV.GINI,Gini index
GBR,United Kingdom,2017,32.6,SI.POV.GINI,Gini index
GBR,United Kingdom,2016,33.1,SI.POV.GINI,Gini index
GBR,United Kingdom,2015,33.3,SI.POV.GINI,Gini index
GBR,United Kingdom,2014,33.1,SI.POV.GINI,Gini index
GBR,United Kingdom,2013,32.7,SI.POV.GINI,Gini index
GBR,United Kingdom,2012,33.1,SI.POV.GINI,Gini index
GBR,United Kingdom,2011,33.2,SI.POV.GINI,Gini index
GBR,United Kingdom,2010,33.7,SI.POV.GINI,Gini index
USA,United States,2023,41.8,SI.POV.GINI,Gini index
USA,United States,2022,41.7,SI.POV.GINI,Gini index
USA,United States,2021,39.7,SI.POV.GINI,Gini index
USA,United States,2020,40.0,SI.POV.GINI,Gini index
USA,United States,2019,41.9,SI.POV.GINI,Gini index
USA,United States,2018,41.8,SI.POV.GINI,Gini index
USA,United States,2017,41.4,SI.POV.GINI,Gini index
USA,United States,2016,41.3,SI.POV.GINI,Gini index
USA,United States,2015,41.5,SI.POV.GINI,Gini index
USA,United States,2014,41.7,SI.POV.GINI,Gini index
USA,United States,2013,40.9,SI.POV.GINI,Gini index
USA,United States,2012,41.2,SI.POV.GINI,Gini index
USA,United States,2011,41.2,SI.POV.GINI,Gini index
USA,United States,2010,40.2,SI.POV.GINI,Gini index
URY,Uruguay,2023,40.9,SI.POV.GINI,Gini index
URY,Uruguay,2022,40.6,SI.POV.GINI,Gini index
URY,Uruguay,2021,40.8,SI.POV.GINI,Gini index
URY,Uruguay,2020,40.2,SI.POV.GINI,Gini index
URY,Uruguay,2019,39.7,SI.POV.GINI,Gini index
URY,Uruguay,2018,39.7,SI.POV.GINI,Gini index
URY,Uruguay,2017,39.5,SI.POV.GINI,Gini index
URY,Uruguay,2016,39.7,SI.POV.GINI,Gini index
URY,Uruguay,2015,40.1,SI.POV.GINI,Gini index
URY,Uruguay,2014,40.1,SI.POV.GINI,Gini index
URY,Uruguay,2013,40.5,SI.POV.GINI,Gini index
URY,Uruguay,2012,39.9,SI.POV.GINI,Gini index
URY,Uruguay,2011,42.2,SI.POV.GINI,Gini index
URY,Uruguay,2010,44.5,SI.POV.GINI,Gini index
UZB,Uzbekistan,2023,34.5,SI.POV.GINI,Gini index
UZB,Uzbekistan,2022,31.2,SI.POV.GINI,Gini index
UZB,Uzbekistan,2021,32.9,SI.POV.GINI,Gini index
VUT,Vanuatu,2019,32.3,SI.POV.GINI,Gini index
VUT,Vanuatu,2010,37.4,SI.POV.GINI,Gini index
VNM,Viet Nam,2022,36.1,SI.POV.GINI,Gini index
VNM,Viet Nam,2020,36.8,SI.POV.GINI,Gini index
VNM,Viet Nam,2018,35.7,SI.POV.GINI,Gini index
VNM,Viet Nam,2016,35.3,SI.POV.GINI,Gini index
VNM,Viet Nam,2014,34.8,SI.POV.GINI,Gini index
VNM,Viet Nam,2012,35.6,SI.POV.GINI,Gini index
VNM,Viet Nam,2010,39.3,SI.POV.GINI,Gini index
PSE,West Bank and Gaza,2023,36.4,SI.POV.GINI,Gini index
PSE,West Bank and Gaza,2016,33.7,SI.POV.GINI,Gini index
PSE,West Bank and Gaza,2011,34.4,SI.POV.GINI,Gini index
PSE,West Bank and Gaza,2010,35.3,SI.POV.GINI,Gini index
YEM,"Yemen, Rep.",2014,36.7,SI.POV.GINI,Gini index
ZMB,Zambia,2022,51.5,SI.POV.GINI,Gini index
ZMB,Zambia,2015,55.8,SI.POV.GINI,Gini index
ZMB,Zambia,2010,52.0,SI.POV.GINI,Gini index
ZWE,Zimbabwe,2019,50.3,SI.POV.GINI,Gini index
ZWE,Zimbabwe,2017,44.3,SI.POV.GINI,Gini index
ZWE,Zimbabwe,2011,43.2,SI.POV.GINI,Gini index
